34,jigar,kariya
47,bharti,bhagat
48,yash,jadav
49,rahule,mehta
50,laila,majnu
51,pooja,aasa
52,pooja,sasdsadas
56,bhagi,jannat
57,kinjal,dave
58,karde,moto
59,pooja,fggrg
60,kkk,kkkk
61,sardi,garmi
62,bharti,13233
63,mera,dil
81,terter,rtreret
82,hgjhg,hhgfh
83,tuujiuyiy,iuyiuy
34,jigar,kariya
47,bharti,bhagat
48,yash,jadav
49,rahule,mehta
50,laila,majnu
51,pooja,aasa
52,pooja,sasdsadas
56,bhagi,jannat
57,kinjal,dave
58,karde,moto
59,pooja,fggrg
60,kkk,kkkk
61,sardi,garmi
62,bharti,13233
63,mera,dil
81,terter,rtreret
82,hgjhg,hhgfh
83,tuujiuyiy,iuyiuy
34,jigar,kariya
47,bharti,bhagat
48,yash,jadav
49,rahule,mehta
50,laila,majnu
51,pooja,aasa
52,pooja,sasdsadas
56,bhagi,jannat
57,kinjal,dave
58,karde,moto
59,pooja,fggrg
60,kkk,kkkk
61,sardi,garmi
62,bharti,13233
63,mera,dil
81,terter,rtreret
82,hgjhg,hhgfh
83,tuujiuyiy,iuyiuy
34,jigar,kariya
47,bharti,bhagat
48,yash,jadav
49,rahule,mehta
50,laila,majnu
51,pooja,aasa
52,pooja,sasdsadas
56,bhagi,jannat
57,kinjal,dave
58,karde,moto
59,pooja,fggrg
60,kkk,kkkk
61,sardi,garmi
62,bharti,13233
63,mera,dil
81,terter,rtreret
82,hgjhg,hhgfh
83,tuujiuyiy,iuyiuy
34,jigar,kariya
47,bharti,bhagat
48,yash,jadav
49,rahule,mehta
50,laila,majnu
51,pooja,aasa
52,pooja,sasdsadas
56,bhagi,jannat
57,kinjal,dave
58,karde,moto
59,pooja,fggrg
60,kkk,kkkk
61,sardi,garmi
62,bharti,13233
63,mera,dil
81,terter,rtreret
82,hgjhg,hhgfh
83,tuujiuyiy,iuyiuy
